Question,Answer,
Who was Richard Wyckoff?,Richard Demille Wyckoff (1873–1934) was a stock market pioneer in the early 20th century who developed a technical approach to studying the stock market.,
What was Wyckoff's early career like?,"Wyckoff's career on Wall Street started early; he began as a stock runner at the age of 15. By the age of 25, he owned his brokerage firm.",
What did Wyckoff learn as a broker?,"As a broker, Wyckoff was able to observe the actions of large traders. This allowed him to see how large traders, often referred to as ""big operators"", would manipulate the market for profit.",
How did Wyckoff feel about retail investors?,Wyckoff saw many retail investors lose money because they didn't understand how the markets really worked. He dedicated himself to educating the public about market manipulation and how to avoid being taken advantage of.,
What did Wyckoff do to educate investors?,"Wyckoff was an author, editor, and educator. He wrote several books and published The Magazine of Wall Street, which had over 200,000 subscribers at its peak. He also founded a school, later known as the Stock Market Institute, dedicated to teaching his methods.",
Is the Wyckoff Method still relevant today?,"Yes, the Wyckoff method, which codified the best practices of traders like Jesse Livermore, is still relevant today because it is based on the timeless principles of supply and demand.",
"What is the ""Composite Man""?","The ""Composite Man"" is a heuristic device used to understand price movements. Wyckoff advised traders to study the markets as if a single entity, the Composite Man, was behind all the price fluctuations.",
"What is the benefit of understanding the ""Composite Man""?","Understanding the Composite Man can help traders identify the accumulation and distribution phases of the market cycle, which allows them to enter and exit trades profitably.",
How does the Composite Man operate?,"The Composite Man carefully plans, executes, and concludes his campaigns to accumulate or distribute stock in order to manipulate prices for profit.",
What is an example of the Composite Man at work?,"The Composite Man will attract public buying into a stock that he has already accumulated, making it look like there is a ""broad market"" when in reality, the price is being artificially inflated.",
How can a trader identify the Composite Man's actions?,Traders can learn to interpret the motives behind the Composite Man's actions by carefully studying stock charts.,
How many fundamental laws are there in the Wyckoff Method?,The Wyckoff Method rests upon three fundamental laws.,
What is Wyckoff's Law of Supply and Demand?,The Law of Supply and Demand states that prices rise when demand is greater than supply and fall when supply is greater than demand.,
How does a trader use the Law of Supply and Demand?,Traders use the Law of Supply and Demand by comparing price and volume bars over time to determine who is in control of the market.,
What is Wyckoff's Law of Cause and Effect?,The Law of Cause and Effect states that a period of accumulation or distribution (the cause) will be followed by a corresponding price movement (the effect).,
How is the Law of Cause and Effect measured?,The Law of Cause and Effect is often measured using Point and Figure charts to determine price targets.,
What is Wyckoff's Law of Effort vs. Result?,The Law of Effort vs. Result states that volume should confirm price trends. High volume should accompany strong price moves.,
How is the Law of Effort vs. Result used?,Traders use the Law of Effort vs. Result by looking for divergences between volume and price. A divergence can signal a weakening trend and a potential reversal.,
What is the Wyckoff Market Cycle?,"The Wyckoff Market Cycle is a visual representation of the Composite Man's manipulation of a market, which consists of four phases: accumulation, markup, distribution, and markdown.",
How did Wyckoff view retail investors?,He believed many retail investors lost money due to a lack of understanding of market mechanics and manipulation.,
What was Wyckoff's contribution to trader education?,"Wyckoff authored several books, edited periodicals, and established the Stock Market Institute to educate traders.",
What is the Wyckoff Method?,It is a technical analysis approach based on the study of price and volume to identify market trends and phases.,
What is the significance of supply and demand in the Wyckoff Method?,The method is grounded on the principle that price moves according to the balance between supply and demand.,
How does the Wyckoff Method address market manipulation?,"It helps identify the influence of large operators on price movements, often revealing manipulation.",
What is the Composite Man in Wyckoff's theory?,A conceptual figure representing the collective actions of major market players influencing price behavior.,
How can traders benefit from understanding the Composite Man?,Studying the Composite Man helps traders identify accumulation and distribution phases for better trade timing.,
What is the Law of Supply and Demand according to Wyckoff?,It states that prices rise when demand exceeds supply and fall when supply exceeds demand.,
How do traders apply the Law of Supply and Demand?,They compare price movements with volume data to gauge market strength and direction.,
What is the Law of Cause and Effect in the Wyckoff Method?,It explains that a period of accumulation or distribution (the cause) will result in a corresponding price move (the effect).,
What is the Law of Effort vs. Result?,It is the principle that the volume (effort) should confirm the magnitude of the price movement (result).,
What are the four phases of the Wyckoff Market Cycle?,"The phases are accumulation, markup, distribution, and markdown.",
How does the Wyckoff Method help with market timing?,"By analyzing price–volume patterns, it helps traders determine the optimal times to enter or exit trades.",
What role does volume play in Wyckoff analysis?,Volume validates price movements and is essential for confirming trends and detecting divergences.,
How can the Wyckoff Method be adapted to modern markets?,"Its principles are timeless and can be applied to stocks, forex, and cryptocurrencies with modern data.",
What is the importance of risk management in the Wyckoff Method?,"It stresses position sizing, setting stop-loss orders, and understanding volatility to protect capital.",
How do stop-loss orders fit into Wyckoff’s risk management?,They limit losses by automatically closing positions when prices move against the trader.,
What is market accumulation according to Wyckoff?,Accumulation is the phase where smart money builds positions before a significant price increase.,
What is market distribution in the Wyckoff cycle?,Distribution is when accumulated stocks are offloaded to the public before a price decline.,
How can a trader identify an accumulation phase?,Look for low-volume trading combined with gradual price increases as smart money enters positions.,
How can a trader identify a distribution phase?,"High volume paired with resistance in price movements, along with price reversals, indicate distribution.",
What does a divergence between price and volume indicate?,It may signal a potential trend reversal or that a current trend is losing momentum.,
How does Wyckoff suggest handling market volatility?,"By combining technical analysis with disciplined risk management strategies, such as adjusting stop-losses.",
What is the role of technical analysis in the Wyckoff Method?,"It provides the tools for analyzing price patterns and volume, key to predicting market moves.",
How does the Wyckoff Method address investor psychology?,"It emphasizes discipline, patience, and understanding market sentiment to counter emotional decisions.",
Why is discipline critical in the Wyckoff strategy?,Discipline ensures traders stick to their rules and avoid impulsive actions during volatile periods.,
How does patience factor into the Wyckoff Method?,Patience allows traders to wait for clear and confirmed signals before making trading decisions.,
What are the warning signs of market manipulation in Wyckoff's framework?,Unusual volume spikes and price moves that deviate from established patterns can indicate manipulation.,
How can traders differentiate normal market moves from manipulation?,By comparing price action with volume data and assessing the consistency of patterns over time.,
What are the benefits of using Point and Figure charts in Wyckoff analysis?,They assist in measuring the cause and setting realistic price targets.,
How can chart patterns be used to predict market trends?,Recognizing recurring patterns and correlating them with volume can forecast potential future moves.,
What is the significance of a breakout in Wyckoff theory?,"A breakout signals the transition from one market phase to another, often indicating a new trend.",
How do retracements fit into the Wyckoff Method?,Retracements offer opportunities to enter or add positions during temporary price corrections.,
What are common pitfalls when applying the Wyckoff Method?,"Overlooking volume signals, overtrading, and poor risk management can diminish its effectiveness.",
How does the Wyckoff Method view institutional investors?,It acknowledges that large institutions significantly influence market trends through their trading actions.,
What can retail investors learn from the Wyckoff Method?,They can learn to identify market phases and understand the impact of smart money in driving price action.,
How important is market context in Wyckoff analysis?,Understanding broader market conditions helps in accurately interpreting technical signals.,
What is the role of trendlines in Wyckoff analysis?,"Trendlines help visualize support and resistance, confirming the direction of price movements.",
How does volume relate to price trends?,Volume typically supports a trend; high volume indicates conviction while low volume may suggest weakness.,
What is a false breakout and how does Wyckoff address it?,"A false breakout is an invalid price move that fails to sustain, often identified by a lack of confirming volume.",
How does Wyckoff recommend monitoring market sentiment?,By analyzing price and volume changes that collectively reflect the overall mood of market participants.,
What is the impact of news on Wyckoff trading strategies?,"While news can influence prices in the short term, Wyckoff’s method focuses on underlying technical signals.",
How do momentum indicators complement the Wyckoff Method?,They provide extra confirmation of trend strength when used alongside volume and price analysis.,
Why is back-testing a Wyckoff strategy important?,Back-testing validates the strategy under various market conditions before applying it in real trades.,
How does Wyckoff’s method conceptualize market cycles?,"It breaks market behavior into repeatable phases, aiding traders in anticipating shifts.",
What is the significance of the 'spring' in Wyckoff charts?,"A spring is a false breakdown that tests support levels, often preceding a significant upward move.",
How does Wyckoff define a trading range?,A trading range is a period of price consolidation where neither buyers nor sellers dominate.,
What is the role of accumulation volume in confirming a market bottom?,"Increasing volume during accumulation suggests smart money is building positions, indicating a potential bottom.",
How does the Wyckoff Method use trend reversal patterns?,"Trend reversal patterns, when confirmed by volume, can signal a change in market direction.",
What psychological challenges do traders face when using the Wyckoff Method?,"Maintaining discipline, resisting impulsive trades, and managing emotions are common challenges.",
How can traders avoid overtrading with the Wyckoff Method?,"Waiting for clear, confirmed signals and adhering to a structured plan can help avoid overtrading.",
What role does volume divergence play in identifying market tops?,A divergence where prices rise on declining volume may indicate that the trend is losing strength.,
How is a trading stop determined in the Wyckoff approach?,Stops are often set near key support or resistance levels identified through price–volume analysis.,
What is the significance of a price consolidation phase?,"Consolidation indicates indecision, which can precede a significant breakout or breakdown.",
How does the Wyckoff Method help in setting profit targets?,It uses historical price levels and Point and Figure analysis to estimate realistic exit points.,
What is a trading climax in the Wyckoff Method?,A climax is a surge in volume and price that may signal the end of a trend.,
How can oscillators be used with the Wyckoff Method?,"Oscillators help identify overbought or oversold conditions, complementing price–volume analysis.",
What is the impact of liquidity on Wyckoff trading signals?,"High liquidity ensures that signals are reliable, while low liquidity can result in misleading patterns.",
How does Wyckoff recommend handling market corrections?,By staying patient and waiting for clear signs of trend resumption before taking action.,
What is a common misinterpretation of volume spikes?,"Without context, volume spikes can be misleading; they must be analyzed alongside price behavior.",
How can traders identify false signals in the market?,"By cross-checking multiple indicators such as trendlines, volume, and support/resistance levels.",
What role do moving averages play in Wyckoff analysis?,They help smooth price data and can confirm trends when used in conjunction with volume analysis.,
How does the Wyckoff Method address risk-reward ratios?,It emphasizes calculating risk-reward before entering trades to ensure potential gains justify the risks.,
What is the significance of breakout volume in confirming a trend?,High breakout volume often confirms that a new trend has strong support.,
How can stop-loss orders be used effectively?,They protect capital by automatically closing positions if the market moves unfavorably.,
What does Wyckoff suggest about re-entering trades after a stop-loss is hit?,He advises waiting for a clear signal of trend resumption rather than immediately re-entering.,
How does volatility affect Wyckoff trading strategies?,Higher volatility necessitates tighter risk management and cautious entries and exits.,
What is a common error traders make in market timing?,Chasing the market without waiting for confirmed signals can lead to premature entries.,
How do psychological biases affect trading decisions?,Biases such as overconfidence or fear can lead to irrational trades; discipline is key to mitigating them.,
What is the role of technical analysis in confirming market sentiment?,Technical analysis validates whether bullish or bearish sentiment is supported by price and volume.,
How does Wyckoff’s method address trend exhaustion?,Diminishing volume on advancing prices may indicate that a trend is nearing its end.,
Why is reviewing historical price data important?,Historical data provides context and helps identify recurring market patterns.,
How can news events be integrated with Wyckoff analysis?,"News impacts can be observed in volume and price changes, though the method primarily focuses on technical signals.",
What is the significance of the 'testing' phase in Wyckoff theory?,"Testing confirms if support or resistance levels will hold, giving insight into market strength.",
How does Wyckoff suggest dealing with conflicting signals?,"When in doubt, it’s best to wait for clearer indications before making a trade decision.",
What are the advantages of using a systematic approach in trading?,A systematic approach minimizes emotional decisions and enhances consistency in execution.,
How does the Wyckoff Method define a trend?,A trend is a sustained directional price movement confirmed by consistent volume patterns and market structure.,
Why is understanding market cycles important?,"Market cycles help traders anticipate shifts between accumulation, markup, distribution, and markdown phases.",
How can volume analysis be used to predict reversals?,Divergences between price movements and volume can indicate that a reversal is imminent.,
What is the role of support and resistance in the Wyckoff Method?,"They provide key levels where prices may halt or reverse, guiding entry and exit points.",
How does Wyckoff view market overreactions?,Overreactions present opportunities to enter trades once the initial panic or euphoria subsides.,
What is the significance of a 'failed breakout'?,"A failed breakout suggests the market is not ready to move decisively, often leading to a reversal.",
How does Wyckoff recommend evaluating trade setups?,"By assessing a combination of price action, volume, market phase, and risk management criteria.",
What is the benefit of diversifying trading strategies?,Diversification can help manage risk by not relying solely on one method or market condition.,
How can traders maintain an effective trading journal?,"By recording every trade decision and outcome, traders can learn from past experiences.",
What are the key components of a successful trading plan?,"A trading plan should include clear entry and exit criteria, risk management rules, and review processes.",
How does the Wyckoff Method help identify overbought conditions?,It uses a combination of price action and volume analysis to signal when a market may be overheated.,
What role does emotional control play in trading?,Emotional control prevents impulsive decisions and helps traders adhere to their strategies.,
How can traders improve their decision-making process?,"Continuous education, self-review, and sticking to a defined trading plan are essential.",
What is the significance of market liquidity in executing trades?,High liquidity allows for efficient trade execution with minimal slippage.,
How does the Wyckoff Method handle false signals?,"By requiring confirmation from multiple indicators, the method reduces the likelihood of acting on false signals.",
What is the value of ongoing education in trading?,Staying informed helps traders refine strategies and adapt to changing market conditions.,
How can modern technology enhance the application of the Wyckoff Method?,Advanced platforms and analytical tools allow for more precise tracking of volume and price dynamics.,
What is the significance of patience in achieving trading success?,Patience allows traders to wait for high-probability setups rather than forcing trades.,
How does the Wyckoff Method encourage adaptability in trading?,It teaches traders to analyze current conditions and adjust strategies in response to real-time data.,
How does the Wyckoff Method incorporate market sentiment indicators?,"It interprets volume surges and price trends as indirect indicators of investor sentiment, helping traders gauge overall market mood.",
What tools complement the Wyckoff analysis?,"Tools such as trendlines, moving averages, and oscillators are used alongside volume and price analysis to confirm market signals.",
What is the role of price patterns in the Wyckoff Method?,"Price patterns help identify the distinct phases of accumulation, markup, distribution, and markdown in the market cycle.",
How can the Wyckoff Method be used in day trading?,The method can be applied to shorter timeframes by focusing on intraday price–volume relationships and phase signals.,
What challenges might a beginner face with the Wyckoff Method?,Beginners may struggle with interpreting volume signals correctly and distinguishing between genuine and false breakouts.,
How does the Wyckoff Method apply to different asset classes?,"Although developed for stocks, its principles based on supply and demand can be adapted to forex, cryptocurrencies, and other asset classes.",
How can the Wyckoff Method be integrated with fundamental analysis?,"While primarily technical, it can be combined with fundamental insights to validate trends and confirm market conditions.",
What is the importance of trend strength in the Wyckoff Method?,"Trend strength, often validated by accompanying volume, indicates the sustainability of a move and helps in setting stop-loss and profit targets.",
How does the Wyckoff Method address market noise?,It filters out noise by emphasizing significant price–volume patterns and waiting for clear signals before trading.,
What is the concept of 'spring and test' in Wyckoff theory?,"A 'spring' is a false breakdown used to test support levels, typically followed by a test to confirm the market’s readiness for a move.",
How can risk-reward be optimized using the Wyckoff Method?,"By timing entries during accumulation or breakout phases and using precise stop-loss placements, traders can optimize their risk-reward ratios.",
What does Wyckoff suggest about market timing for re-entry after a stop-loss?,He advises waiting for a clear and confirmed signal of market resumption before re-entering after a stop-loss exit.,
How does the Wyckoff Method use volume to signal reversals?,"A reversal may be indicated when rising prices are accompanied by declining volume, suggesting that the trend is weakening.",
What is the significance of a secondary test in the Wyckoff Method?,A secondary test occurs when the price re-tests a previous support or resistance level to confirm that a breakout is genuine.,
How does the Wyckoff Method guide position scaling?,"It recommends scaling into positions gradually as the market confirms the anticipated move, thus managing risk effectively.",
What factors contribute to market exhaustion according to Wyckoff?,"Exhaustion can be signaled by diminishing volume, overextended price moves, and the inability to hold key support or resistance levels.",
How do you interpret a price gap in Wyckoff analysis?,"A price gap, especially when accompanied by high volume, may signal a significant shift in market sentiment and a potential phase change.",
What is the role of a trading plan in the Wyckoff Method?,"A well-defined trading plan sets out clear entry, exit, and risk management rules, ensuring that decisions are systematic rather than emotional.",
How important is market context in the application of Wyckoff techniques?,Market context is crucial; interpreting signals within the broader trend helps avoid misreading isolated patterns.,
What ongoing practices does Wyckoff recommend for improving trading skills?,"Continuous chart study, review of past trades, and staying updated with market trends are key to mastering the method.",
What are Wyckoff's five laws of market action?,"Supply/Demand (price balance), Cause/Effect (accumulation/distribution creates trends), Effort/Result (volume-price alignment). No ""five laws""—confusion arises from phases/steps.",
How does Wyckoff define the Composite Operator?,Hypothetical market entity (large institutions) manipulating prices via accumulation/distribution; heuristic for analyzing institutional activity.,
What is the purpose of point and figure charts?,Track price movements (ignoring time) to identify support/resistance zones and breakouts.,
How do you identify accumulation phases?,"Sideways price action after downtrend with events: selling climax, automatic rally, secondary test, spring, LPS.",
What are the signs of distribution phases?,"Upthrusts, weak rallies, LPSY, increased volume on price declines, and breakdowns below support.",
"What is a ""spring"" in Wyckoff analysis?",False breakdown below support during accumulation to trap sellers before markup.,
"What is the significance of ""upthrusts""?",Upthrust: False breakout above resistance during distribution to trap buyers before markdown.,
How does volume confirm price action?,"Rising volume validates price trends; divergence (e.g., low volume rally) signals weakness.",
How are trendlines used in Wyckoff method?,"Identify support/resistance; breakouts with volume confirm trend shifts (e.g., creek breakout).",
"What is a ""sign of strength"" in Wyckoff?","High-volume breakout from accumulation, indicating demand dominance.",
"What is a ""sign of weakness"" in Wyckoff?","High-volume breakdown from distribution, indicating supply dominance.",
How to identify a trading range?,Horizontal price movement balancing supply/demand; precedes trend reversals.,
"What is the role of the ""creek""?","Resistance level during accumulation; breakout (""jump"") confirms markup phase.",
"What is a ""jump across the creek""?","Breakout above accumulation resistance with volume, signaling markup initiation.",
How does Wyckoff use relative strength?,"Asset outperforms market indices during accumulation, signaling readiness to rally.",
"What is the ""last point of supply""?",Final high in distribution where institutions exit before markdown.,
"What is the ""last point of support""?",Final low in accumulation before markup begins.,
"What is the purpose of a ""test""?","Price revisits key levels (e.g., secondary test) to confirm supply/demand balance.",
"How to identify a ""shakeout""?","Sharp price move (e.g., spring) to trigger stop-losses and remove weak holders.",
"What is the role of ""effort versus result""?",Volume (effort) must align with price (result); divergence warns of reversals.,
How does Wyckoff determine entry timing?,"Entries occur after confirming events (Spring/LPS) in accumulation phases, validated by volume and price closing above support.",
How does Wyckoff determine exit timing?,"Exit during distribution phases via upthrusts, LPSY, or breakdowns below support with rising volume.",
What role do confirmation signals play?,"Volume alignment, successful tests (e.g., secondary tests), and SOS/SOW validate trend direction.",
"How to use ""springs"" for entry timing?","Buy after price recovers above support post-false breakdown, with volume confirming demand.",
"How to use ""upthrusts"" for exit timing?","Sell when false breakout above resistance reverses, signaling distribution.",
"How to identify the ""point of least resistance""?","Identified via breakout direction (up/down) from trading ranges, confirmed by volume.",
What is the ideal time frame for analysis?,"Multi-timeframe analysis: higher for trend, lower for entry/exit precision.",
Why is patience crucial in timing?,Required to avoid premature entries during accumulation/distribution phases; wait for confirmed signals.,
How to anticipate market moves?,"Track phase transitions (e.g., accumulation→markup) via volume patterns and price tests.",
What role do reactions play in timing?,"Pullbacks (e.g., throwbacks) in markup phases offer entry opportunities; weak rallies signal exits.",
How does timing relate to market phases?,Align entries with accumulation/markup starts and exits with distribution/markdown initiations.,
How to use volume for timing entries?,Rising volume on breakouts or SOS confirms demand; divergence warns of false moves.,
How to use volume for timing exits?,Declining volume on rallies or SOW signals weakening demand; spikes indicate distribution.,
How to time trades within trading ranges?,Trade bounces near support/resistance; await breakout confirmation with volume.,
How to use secondary tests for timing?,"Price revisits key levels (e.g., BC/SC) with low volume to confirm supply/demand balance.",
What is the role of automatic rallies?,"Initial rally after selling climax in distribution, setting resistance for secondary tests.",
How to use preliminary support?,Early accumulation sign where institutions start buying; tested during Phase A.,
How to use preliminary supply?,Early distribution sign where institutions start selling; tested during Phase A.,
"How to time a ""jump across the creek""?","Time entry after breakout above accumulation resistance (""creek"") with high volume.",
How to time a breakout from a trading range?,Enter long/short post-breakout close above/below trading range with volume confirmation.,
How does Wyckoff manage trading risk?,"Uses phase analysis to align trades with institutional activity, reducing exposure during uncertain periods.",
What role does position sizing play?,Allocates capital per trade based on account size and stop-loss distance to limit downside.,
How are stop-loss orders utilized?,Placed beyond key S/R levels identified in accumulation/distribution phases to protect capital.,
Why is risk to reward ratio important?,"Targets minimum 1:3 ratios, ensuring profitable trades outweigh losses over time.",
How does Wyckoff avoid overtrading?,"Requires waiting for confirmed phase transitions (e.g., accumulation→markup) before entering.",
How to protect against market volatility?,Adjusts position sizes during markdown/distribution phases when volatility spikes.,
How to manage drawdowns effectively?,Caps losses per trade (1-2% of capital) and pauses trading after consecutive losses.,
What is acceptable risk in Wyckoff?,Limits single-trade risk to ≤2% of capital and max drawdown to ≤10%.,
What is the role of capital preservation?,Prioritizes exiting losing trades quickly via tight stops during uncertain phases.,
How to avoid emotional trading risks?,Uses predefined rules for entries/exits to remove subjectivity from decisions.,
How to manage risk during different phases?,Phase-Specific Risk: Reduces exposure during distribution/markdown; increases in confirmed markup.,
How to use diversification in Wyckoff?,Spreads capital across uncorrelated assets to mitigate single-trade risks.,
How to use trailing stops?,Adjusted to new support/resistance levels in markup/markdown to lock in profits.,
How to manage risk during news events?,Avoids trading during high-impact news until price-volume confirms phase continuity.,
How to calculate position sizing?,(Risk per trade / Stop distance) = Position size in units.,
How to define your risk tolerance?,"Defined by maximum acceptable drawdown (e.g., 10-20% of account).",
How to use leverage responsibly?,Leverage Use: Applies minimal leverage (≤2:1) except during strong markup phases.,
How to use hedging techniques?,Uses inverse ETFs/options during distribution to offset long portfolio risks.,
How to use market correlation?,Avoids overlapping sector bets to prevent concentrated risk.,
How to avoid black swan events?,Holds cash reserves and avoids overexposure to illiquid assets.,
How does Wyckoff adapt to market changes?,Continuously reassesses price-volume relationships and phase transitions to update trading strategies.,
Why is flexibility vital in Wyckoff trading?,Markets evolve uniquely; rigid patterns fail. Wyckoff requires dynamic interpretation of structures.,
How to incorporate new market data?,Updates analysis with recent price/volume behavior while maintaining core principles.,
How to handle unexpected market events?,Relies on phase analysis to distinguish noise from structural breaks in trends.,
How to adjust trading plans effectively?,Shifts entry/exit zones based on updated accumulation/distribution evidence.,
Why is continuous learning important?,Studies new institutional behaviors and volume patterns across market regimes.,
How to adapt to different asset classes?,Applies core laws universally but adjusts phase duration expectations per asset.,
How to handle changes in volatility?,Uses volume analysis to filter meaningful moves from noise during spikes.,
How to adapt to different market cycles?,Identifies phase compression/extension in different cycle environments.,
How to adjust to changing volume patterns?,Focuses on relative volume changes rather than absolute thresholds.,
How to use multiple time frame analysis?,Correlates phases across timeframes for confirmation.,
How to adapt trading for bull markets?,Focuses on accumulation signs and early markup confirmations.,
How to adapt trading for bear markets?,Prioritizes distribution detection and markdown continuation signals.,
How to react to changing market sentiment?,Reads institutional footprint via volume divergences during sentiment changes.,
How to adapt to economic changes?,Filters phase analysis through macroeconomic supply/demand impacts.,
How to adapt to regulatory changes?,Adjusts for liquidity changes in accumulation/distribution zones.,
How to adapt to technological changes?,Integrates algorithmic volume analysis while preserving core principles.,
How to use different charting techniques?,"Combines P&F, candlesticks, and volume profiles per context.",
How to use macroeconomic factors?,Contextualizes phases within interest rate/commodity price trends.,
How to adjust strategies for long term investing?,Scales phase duration expectations for investment horizons.,
What role does psychology play in Wyckoff?,"Wyckoff emphasizes understanding market psychology through price/volume to mirror ""smart money"" behavior.",
How to handle fear and greed effectively?,Follows predefined rules (accumulation/distribution signals) to avoid emotional exits/entries.,
Why is trading discipline crucial?,Ensures consistent application of Wyckoff laws/phases despite market noise.,
How to maintain emotional control?,"Uses technical signals (e.g., SOS/SOW) to override impulses.",
Why is patience essential for Wyckoff?,"Waits for confirmed phase transitions (e.g., spring tests) before acting.",
How to handle trading losses?,Limits losses per trade (1-2%) via stop-losses; reviews mistakes objectively.,
How to build trading confidence?,Gains through backtesting Wyckoff patterns and small wins.,
What is the role of self-awareness?,"Recognizes personal biases (e.g., confirmation bias) during analysis.",
How to avoid overconfidence in trading?,Sticks to risk limits even after consecutive wins.,
Why is mental clarity important?,"Maintains focus on volume-price alignment, ignoring external noise.",
How to develop a trading routine?,Pre-session: reviews phases; post-session: journals trades.,
How to manage trading stress?,Follows position sizing rules to reduce pressure.,
How to use trading journals effectively?,"Tracks phase accuracy, entry/exit timing, and emotional triggers.",
How to maintain a positive mindset?,Views losses as learning opportunities within Wyckoff framework.,
How to control impulsive decisions?,Waits for volume confirmation before entering/exiting.,
How to avoid trading biases?,"Uses objective criteria (e.g., LPS break) vs. hunches.",
How to manage performance anxiety?,Focuses on process (phase analysis) over single-trade outcomes.,
How to stay motivated during drawdowns?,Reviews past recovery periods during accumulation phases.,
How to use self-reflection for improvement?,Analyzes journal for pattern recognition errors.,
How to develop a long-term trading perspective?,Aligns trades with multi-cycle cause/effect relationships.What are the three fundamental laws of the Wyckoff Method?,"The Law of Supply and Demand, the Law of Cause and Effect, and the Law of Effort vs. Result."
How does the Law of Supply and Demand apply in Wyckoff analysis?,Price moves based on the balance between buying (demand) and selling (supply); trends continue until this balance shifts.,
What does the Law of Cause and Effect measure?,The potential energy (cause) built during accumulation/distribution that determines the probable price move (effect).,
How is Effort vs. Result used to spot weaknesses in trends?,"When high volume (effort) doesn't produce proportional price movement (result), it suggests trend exhaustion.",
Why is volume analysis central to Wyckoff's method?,Volume reveals the strength behind price movements and helps distinguish between genuine breakouts and traps.,
What is the Composite Man concept?,A representation of market manipulators whose actions create identifiable patterns retail traders can follow.,
How does Wyckoff define 'smart money'?,"Institutional investors who accumulate/distribute assets strategically, leaving detectable price-volume footprints.",
What are the four major phases in Wyckoff's market cycle?,"Accumulation, Markup, Distribution, and Markdown.",
How does Wyckoff's approach differ from pure trend following?,It anticipates trend changes by analyzing supply/demand imbalances rather than just reacting to price movements.,
What makes Wyckoff's method timeless despite market evolution?,Its focus on universal supply-demand dynamics rather than specific indicators or market conditions.,
What is the PS (Preliminary Support) in Wyckoff accumulation?,"Initial buying after a downtrend where large players begin absorbing supply, often with elevated volume.",
How is the SC (Selling Climax) identified?,A sharp price drop on extremely high volume as final panic selling exhausts the downtrend.,
What characterizes the AR (Automatic Rally) phase?,A rapid price rebound from oversold conditions with reduced selling pressure.,
What is the purpose of the ST (Secondary Test)?,To confirm whether supply was truly exhausted by observing price and volume at SC levels.,
How does a Spring differ from a simple retest of lows?,A Spring intentionally undercuts support to trap sellers before reversing upward on declining volume.,
What is the significance of a LPS (Last Point of Support)?,The final pullback after accumulation where price holds above support before the markup phase begins.,
What volume patterns confirm accumulation?,Declining volume on tests of support and expanding volume on upward moves from support.,
How does Wyckoff identify the 'Jump Across the Creek'?,When price decisively breaks above accumulation resistance (the 'creek') on increasing volume.,
What is a Terminal Shakeout in accumulation?,"A final downward fakeout before markup begins, designed to shake out weak holders.",
How long can accumulation phases last?,From weeks to years depending on timeframe; longer accumulation typically leads to stronger markups.,
What is the Preliminary Supply (PSY) signal?,Initial selling pressure after an uptrend where large players begin distributing positions.,
How is the Buying Climax (BC) identified?,A sharp upward spike on extreme volume as final euphoric buying exhausts the uptrend.,
What characterizes the AR (Automatic Reaction)?,A rapid price decline from overbought conditions as buying demand temporarily disappears.,
What is the purpose of the ST (Secondary Test) in distribution?,To confirm weakening demand by observing if price can't reach BC highs on reduced volume.,
How does an Upthrust differ from a genuine breakout?,"An Upthrust briefly exceeds resistance then reverses down, trapping bulls with false optimism.",
What is the significance of the LPSY (Last Point of Supply)?,The final rally attempt after distribution where price fails to make new highs before markdown.,
What volume patterns confirm distribution?,Expanding volume on downward moves and shrinking volume on weak rallies.,
How does Wyckoff identify the 'Fall Through the Ice'?,When price decisively breaks below distribution support (the 'ice') on increasing volume.,
What is a Terminal Rally in distribution?,"A final upward fakeout before markdown begins, designed to trap late buyers.",
Why do distribution phases often take longer than accumulation?,Smart money needs more time to unload large positions without collapsing prices prematurely.,
How does Wyckoff's method reduce emotional trading?,By providing objective criteria for entries/exits based on price-volume confirmation.,
What psychological traps does the Composite Man exploit?,Fear during springs/shakeouts and greed during upthrusts/terminal rallies.,
How should traders handle false breakouts in Wyckoff terms?,Recognize them as potential springs/upthrusts and wait for confirmation before acting.,
Why is patience crucial in Wyckoff trading?,The method requires waiting for complete patterns and confirmation signals.,
How does Wyckoff help traders avoid chasing markets?,By identifying high-probability entries at LPS/LPSY points rather than breakouts.,
What mindset does successful Wyckoff trading require?,Disciplined observation of price-volume relationships without emotional interpretation.,
How can traders avoid overtrading with Wyckoff?,By focusing only on high-quality setups that meet all phase criteria.,
Why is accepting losses quickly important in this method?,To preserve capital for high-probability setups when the market provides confirmation.,
How does Wyckoff's approach build trading confidence?,Through repetitive pattern recognition and mechanical execution of proven setups.,
What's the biggest psychological challenge in Wyckoff trading?,Resisting the urge to anticipate moves before full pattern confirmation.,
Where should stops be placed after a Spring entry?,"Below the Spring low, as a break below invalidates the accumulation premise.",
How is position sizing determined in Wyckoff trading?,Based on the distance between entry and stop-loss levels to maintain consistent risk per trade.,
Why does Wyckoff recommend pyramiding positions?,To add to winners only after the market confirms the anticipated move.,
How does the method define optimal risk-reward ratios?,Minimum 1:3 based on the cause (accumulation range) projecting the effect (markup).,
When should profits be taken in a markup phase?,At predetermined resistance levels or when effort vs. result shows weakening demand.,
How does volume guide exit decisions?,Declining volume on new highs or increasing volume against the trend signals exit opportunities.,
Why does Wyckoff advise against averaging down?,It increases risk when the market may be confirming your initial thesis was wrong.,
How should traders handle gap openings against positions?,"As potential signs of phase change, requiring immediate reevaluation.",
What percentage of capital should be risked per Wyckoff trade?,Typically 1-2% to survive inevitable losing trades while catching major moves.,
How does the method protect against black swan events?,By never assuming perfect patterns and always using stop-loss orders.,
How to adapt Wyckoff principles to intraday trading?,Focus on shorter-term accumulation/distribution patterns with proportional cause-effects.,
What's the minimum timeframe for reliable Wyckoff analysis?,"Daily charts provide clearest signals, but 4-hour charts can work for experienced traders.",
How to use Wyckoff with moving averages?,As dynamic support/resistance levels during markup/markdown phases.,
Can Wyckoff be combined with Fibonacci retracements?,"Yes, Fibonacci levels often align with LPS/LPSY points for higher-probability entries.",
How to filter false Wyckoff signals?,"Require confirmation from multiple elements (price, volume, pattern completion).",
What's the most reliable Wyckoff pattern for beginners?,The basic accumulation schematic with clear spring and LPS formations.,
How to practice Wyckoff analysis without real money?,Backtest historical charts to identify 100+ examples of each phase and pattern.,
What markets work best with Wyckoff?,"Liquid stocks, major forex pairs, and large-cap cryptocurrencies.",
How does news affect Wyckoff analysis?,News often coincides with climaxes but should be interpreted through price-volume action.,
How to handle overnight risk with Wyckoff positions?,Either size smaller or require wider stops to account for increased volatility.,
Who was Richard Wyckoff?,Richard Demille Wyckoff (1873–1934) was a stock market pioneer in the early 20th century who developed a technical approach to studying the stock market.,
What was Wyckoff's early career like?,"Wyckoff's career on Wall Street started early; he began as a stock runner at the age of 15. By the age of 25, he owned his brokerage firm.",
What did Wyckoff learn as a broker?,"As a broker, Wyckoff was able to observe the actions of large traders. This allowed him to see how large traders, often referred to as ""big operators"", would manipulate the market for profit.",
How did Wyckoff feel about retail investors?,Wyckoff saw many retail investors lose money because they didn't understand how the markets really worked. He dedicated himself to educating the public about market manipulation and how to avoid being taken advantage of.,
What did Wyckoff do to educate investors?,"Wyckoff was an author, editor, and educator. He wrote several books and published The Magazine of Wall Street, which had over 200,000 subscribers at its peak. He also founded a school, later known as the Stock Market Institute, dedicated to teaching his methods.",
Is the Wyckoff Method still relevant today?,"Yes, the Wyckoff method, which codified the best practices of traders like Jesse Livermore, is still relevant today because it is based on the timeless principles of supply and demand.",
"What is the ""Composite Man""?","The ""Composite Man"" is a heuristic device used to understand price movements. Wyckoff advised traders to study the markets as if a single entity, the Composite Man, was behind all the price fluctuations.",
"What is the benefit of understanding the ""Composite Man""?","Understanding the Composite Man can help traders identify the accumulation and distribution phases of the market cycle, which allows them to enter and exit trades profitably.",
How does the Composite Man operate?,"The Composite Man carefully plans, executes, and concludes his campaigns to accumulate or distribute stock in order to manipulate prices for profit.",
What is an example of the Composite Man at work?,"The Composite Man will attract public buying into a stock that he has already accumulated, making it look like there is a ""broad market"" when in reality, the price is being artificially inflated.",
How can a trader identify the Composite Man's actions?,Traders can learn to interpret the motives behind the Composite Man's actions by carefully studying stock charts.,
How many fundamental laws are there in the Wyckoff Method?,The Wyckoff Method rests upon three fundamental laws.,
What is Wyckoff's Law of Supply and Demand?,The Law of Supply and Demand states that prices rise when demand is greater than supply and fall when supply is greater than demand.,
How does a trader use the Law of Supply and Demand?,Traders use the Law of Supply and Demand by comparing price and volume bars over time to determine who is in control of the market.,
What is Wyckoff's Law of Cause and Effect?,The Law of Cause and Effect states that a period of accumulation or distribution (the cause) will be followed by a corresponding price movement (the effect).,
How is the Law of Cause and Effect measured?,The Law of Cause and Effect is often measured using Point and Figure charts to determine price targets.,
What is Wyckoff's Law of Effort vs. Result?,The Law of Effort vs. Result states that volume should confirm price trends. High volume should accompany strong price moves.,
How is the Law of Effort vs. Result used?,Traders use the Law of Effort vs. Result by looking for divergences between volume and price. A divergence can signal a weakening trend and a potential reversal.,
What is the Wyckoff Market Cycle?,"The Wyckoff Market Cycle is a visual representation of the Composite Man's manipulation of a market, which consists of four phases: accumulation, markup, distribution, and markdown.",
Who was Richard Wyckoff?,"Richard Demille Wyckoff (1873–1934) was a pioneering stock market trader and educator who developed a technical approach to market analysis based on price, volume, and market behavior.",
What was Wyckoff's early career like?,"Wyckoff began his career on Wall Street at a young age as a stock runner and quickly advanced to owning his own brokerage firm by his mid-20s, gaining firsthand market experience.",
How did Wyckoff get his start in the market?,"He started at the very bottom of the industry as a stock runner, which allowed him to observe market fluctuations and the actions of both retail and institutional players.",
What did Wyckoff learn as a broker?,"As a broker, he learned to decode the behavior of large institutional operators, observing how they manipulated price and volume to gain profitable advantages over less informed traders.",
How did Wyckoff's observations of large operators influence his method?,His detailed observations of institutional buying and selling led him to develop a systematic method for identifying accumulation and distribution phases that drive market cycles.,
What is the Composite Man?,"The Composite Man is a heuristic concept representing the collective actions of large institutional traders, simplifying market behavior into the actions of a single, dominant force.",
Why is the Composite Man concept important?,"It enables traders to interpret price movements as the deliberate actions of institutional players, helping them align their trades with the smart money rather than against it.",
What is Wyckoff's Law of Supply and Demand?,"The Law of Supply and Demand states that prices will rise when demand exceeds supply and fall when supply exceeds demand, serving as a fundamental principle of market behavior.",
How does the Law of Supply and Demand affect price movements?,"It explains that increased buying pressure relative to selling leads to rising prices, while excess selling pressure pushes prices downward.",
What is Wyckoff's Law of Cause and Effect?,The Law of Cause and Effect posits that periods of accumulation or distribution (the cause) create the potential for significant price movements (the effect) once a threshold is reached.,
How is the Law of Cause and Effect measured?,"Traders often use Point and Figure charts to quantify the 'cause' built during accumulation or distribution, which then helps in projecting the magnitude of the subsequent price move.",
What is Wyckoff's Law of Effort vs. Result?,"This law compares the volume (effort) exerted in the market to the resulting price movement (result), helping to identify when a trend is strong or potentially weakening.",
How can a trader identify divergences using the Law of Effort vs. Result?,"By examining cases where high volume does not produce a proportionate price move, traders can spot divergences that may signal a reversal or a weakening trend.",
What are the four phases of the Wyckoff Market Cycle?,"The four phases are Accumulation, Markup, Distribution, and Markdown, each representing a distinct period of market behavior influenced by institutional activity.",
What happens during the Accumulation phase?,"During accumulation, informed institutional traders quietly build positions while the market remains relatively stable, setting the stage for an upward move.",
What is the Markup phase?,"The Markup phase occurs when buying pressure exceeds selling pressure, causing prices to rise steadily as the market shifts in favor of buyers.",
What is the Distribution phase?,"Distribution is when institutional players begin to offload their positions, often causing choppy price action as supply increases and the market becomes overextended.",
What is the Markdown phase?,"The Markdown phase is characterized by a decline in prices following distribution, as increased selling pressure overwhelms any residual buying interest.",
How does Wyckoff suggest traders use volume analysis?,"Traders analyze volume alongside price movements to confirm trends; high volume during a breakout validates the move, while divergences may warn of potential reversals.",
What is a Selling Climax (SC) in Wyckoff’s method?,"A Selling Climax is a sudden, sharp increase in selling pressure that typically marks the end of a downtrend and signals that institutional buyers are entering the market.",
How does the Automatic Rally (AR) relate to the Selling Climax?,The Automatic Rally follows a Selling Climax and represents the rebound in prices when selling pressure subsides and initial buying interest emerges.,
What is a Secondary Test (ST) and how is it used in market timing?,"A Secondary Test involves a revisit of the support level after the initial rally; it confirms that buyers are still active, providing a reliable signal for entering long positions.",
What is the 'Spring' in Wyckoff's method?,"The Spring is a specific type of Secondary Test where the price briefly dips below support before quickly reversing upward, confirming strong underlying buying interest.",
What does a Sign of Strength (SOS) indicate?,"An SOS is an upward price movement accompanied by increasing volume, confirming that demand is dominant and signaling a strong entry point for long positions.",
How is a Buying Climax (BC) defined?,"A Buying Climax occurs when there is a surge in buying volume that fails to push prices to new highs, often marking the transition to the distribution phase.",
What is an Upthrust in Wyckoff’s methodology?,"An Upthrust is a false breakout above resistance during the distribution phase, suggesting that despite a temporary move higher, selling pressure is imminent.",
What does the Last Point of Supply (LPS) represent?,"The Last Point of Supply marks the final price level at which significant selling occurs during distribution, often signaling that the market may soon reverse.",
How does Wyckoff suggest traders time their entries?,"Traders should wait for a sequence of signals—such as a Selling Climax, Automatic Rally, Secondary Test or Spring, and a subsequent Sign of Strength—before entering a long position.",
How does Wyckoff suggest traders time their exits?,"Exits should be timed by identifying signals like an Upthrust, Buying Climax, or Last Point of Supply, which indicate that the distribution phase has begun and the trend is likely to reverse.",
How does the Wyckoff method incorporate risk management?,"The method employs strict entry and exit rules, uses stop-loss orders based on key support and resistance levels, and emphasizes waiting for confirmed signals to minimize risk.",
What role does market trend analysis play in Wyckoff’s strategy?,"Market trend analysis helps determine the current phase of the market cycle, enabling traders to align their positions with the prevailing trend.",
How does Wyckoff recommend selecting stocks?,Stocks are chosen based on their alignment with the overall market trend and the presence of clear accumulation or distribution patterns as seen in price and volume analysis.,
What is meant by 'readiness assessment' in Wyckoff's method?,"Readiness assessment involves evaluating whether a stock has built enough 'cause' during accumulation or distribution to justify a significant move, guiding entry decisions.",
How does Wyckoff combine technical signals with market sentiment?,"By analyzing objective indicators such as price, volume, and Wyckoff-specific events alongside the overall market mood, traders can make well-informed decisions.",
Why is patience emphasized in Wyckoff's approach?,"Patience is critical because waiting for complete confirmation of market phases—like a clear Secondary Test or Spring—ensures that trades are made with high-probability signals, reducing the risk of false entries.",
How can traders confirm a phase change before entering a trade?,"Confirmation comes from a series of events, including a Selling Climax, Automatic Rally, followed by a Secondary Test or Spring and a subsequent Sign of Strength, ensuring that the market is truly shifting.",
What is the significance of volume spikes in Wyckoff's method?,"Volume spikes validate price movements and confirm that the actions of institutional players are genuine, indicating strong market conviction.",
How can traders differentiate between a genuine move and a false breakout?,"By monitoring volume and waiting for confirmation through secondary tests and supportive price action, traders can distinguish genuine moves from false breakouts.",
What is the importance of observing price patterns in Wyckoff’s method?,"Price patterns reveal the underlying actions of institutional traders and help in identifying key phases like accumulation, distribution, and the transition between them.",
How does Wyckoff use Point and Figure charts?,"Point and Figure charts are used to measure the 'cause' built during accumulation or distribution, aiding in the projection of potential price targets.",
What is the role of technical analysis in Wyckoff's strategy?,"Technical analysis forms the backbone of the method by providing objective data on price, volume, and chart patterns that reveal market phases and institutional activity.",
How can a trader apply Wyckoff's principles to different markets?,"The core principles of supply and demand, along with the identification of accumulation and distribution phases, can be applied to any market—stocks, commodities, forex, etc.—with appropriate adjustments.",
How has the Wyckoff method been adapted in modern trading?,Modern traders use advanced charting software and integrate Wyckoff’s principles with contemporary technical indicators to analyze real-time data and automate parts of the decision-making process.,
What are the key advantages of using the Wyckoff method?,"It offers a systematic, rule-based approach to understanding market behavior, improves trade timing, aligns trades with institutional activity, and enhances risk management.",
How does the Wyckoff method help avoid trading against institutional interests?,"By decoding the actions of the Composite Man and recognizing the phases of accumulation and distribution, traders can avoid taking positions that conflict with the market’s dominant forces.",
What is the role of accumulation in setting up a profitable move?,"Accumulation signals that institutional buyers are quietly building positions, creating a latent potential that, once triggered, can lead to a significant upward price movement.",
How does distribution signal a potential market reversal?,"Distribution indicates that institutions are offloading shares, which can lead to a shift in market sentiment and signal an impending decline in prices.",
What is the significance of testing support levels in Wyckoff's method?,"Testing support through Secondary Tests or Springs confirms that buyers remain active, validating that the accumulation phase is complete and setting the stage for a markup.",
How do secondary tests help in confirming market support?,"Secondary Tests allow traders to verify that the support level established after a Selling Climax holds firm, ensuring that buying interest is strong enough to trigger a reversal.",
What is the importance of identifying the trading range?,"Identifying the trading range helps traders understand the boundaries within which accumulation or distribution is occurring, which is critical for timing entries and exits.",
How can traders use the trading range to gauge market sentiment?,"The width and duration of the trading range, along with volume behavior within it, provide insights into the balance of supply and demand and the intensity of institutional activity.",
How does Wyckoff's method help in determining price targets?,"By measuring the 'cause'—the extent of accumulation or distribution—using tools like Point and Figure charts, traders can project the potential magnitude of the subsequent price move.",
How is a 'cause' built during the accumulation phase?,"The cause is built as institutions gradually accumulate shares over a period of time, setting up the latent potential for a significant upward move once demand overtakes supply.",
How does the built cause relate to the magnitude of the subsequent move?,"The larger the cause (i.e., the greater the accumulation), the larger the expected price move during the markup phase, allowing traders to estimate potential targets.",
How do institutional players use the Wyckoff method to accumulate shares?,"Institutions accumulate shares quietly during periods of low volatility and low public interest, carefully building positions before initiating a marked-up move.",
What is meant by 'trading with the Composite Man'?,"It means aligning one’s trades with the actions of institutional investors, essentially following the lead of the dominant market force rather than fighting against it.",
How can understanding the Composite Man improve a trader’s performance?,"By recognizing the early signs of accumulation or distribution driven by the Composite Man, traders can enter or exit positions at more advantageous times.",
What educational tools did Wyckoff use to disseminate his method?,"Wyckoff authored influential books, published The Magazine of Wall Street, and established a trading school to educate retail investors on his techniques.",
How did Wyckoff's publishing efforts influence retail investors?,"His publications demystified the actions of large market operators and provided retail investors with practical, rule-based strategies to navigate the markets.",
What is the relevance of Wyckoff’s method in today's markets?,"Despite its early 20th-century origins, the principles of supply and demand, accumulation, and distribution remain timeless and applicable to modern trading environments.",
How do modern traders incorporate Wyckoff's principles?,Modern traders combine Wyckoff’s core concepts with advanced technical analysis tools and real-time data feeds to enhance decision-making and automate signal detection.,
How does the Wyckoff method assist in managing risk?,"It minimizes risk by emphasizing confirmed entry and exit signals, strict adherence to stop-loss levels, and aligning trades with the prevailing market trend.",
What techniques are used in Wyckoff's method for risk management?,"Key techniques include waiting for confirmed secondary tests or springs before entering, using stop-loss orders at strategic levels, and continuously monitoring volume and price divergence.",
How does Wyckoff address market volatility?,"By analyzing both price and volume in detail, Wyckoff’s method helps distinguish between normal volatility and significant moves driven by institutional activity, allowing for more measured risk management.",
What are the key indicators for market timing in the Wyckoff method?,"Key indicators include selling climaxes, automatic rallies, secondary tests, springs, signs of strength, upthrusts, buying climaxes, and last points of supply.",
How do volume and price divergence play a role in risk management?,"Divergences between volume and price can indicate weakening trends, prompting traders to adjust stop-loss levels or reduce positions to manage risk more effectively.",
How is the concept of risk-reward ratio integrated into Wyckoff's approach?,"The method emphasizes entering trades only when the potential reward significantly outweighs the risk, based on clear, confirmed technical signals.",
What is the role of technical analysis in identifying risk?,"Technical analysis helps pinpoint key support and resistance levels, chart patterns, and volume anomalies, all of which contribute to an informed assessment of market risk.",
How does market sentiment influence trade timing according to Wyckoff?,"Market sentiment, as reflected in price and volume behavior during key events, guides traders on optimal entry and exit points by revealing the underlying mood of the market.",
How can traders manage psychological pressures using Wyckoff's method?,"By following a systematic, rules-based approach that emphasizes patience and confirmation, traders can avoid impulsive decisions driven by fear or greed.",
What aspects of trading psychology are emphasized in the Wyckoff approach?,"The approach highlights discipline, patience, and objectivity, encouraging traders to stick to proven strategies even during volatile or emotionally charged periods.",
How does the Wyckoff method help traders remain disciplined?,"Clear, rule-based entry and exit criteria, along with an emphasis on waiting for confirmation, help traders maintain discipline and avoid emotional trading.",
What practices does Wyckoff recommend for developing trading discipline?,"Wyckoff recommends thorough study of market behavior, adherence to technical analysis principles, and maintaining a consistent trading routine to minimize impulsive decisions.",
How can traders avoid being influenced by market noise using Wyckoff's principles?,"Focusing on key events—such as selling climaxes, automatic rallies, and secondary tests—helps filter out irrelevant fluctuations and ensures that trades are based on significant signals.",
What role does adaptability play in the Wyckoff method?,"Adaptability is essential, as the method’s flexible framework allows traders to adjust their strategies based on evolving market conditions and phases.",
How can the Wyckoff method be adjusted to different trading styles?,"The core principles can be tailored to both short-term and long-term trading by modifying trade duration, risk management parameters, and entry/exit timing to suit individual preferences.",
What are the challenges of applying Wyckoff’s method in today’s fast-paced markets?,"Modern markets’ increased volatility and algorithmic trading can obscure traditional Wyckoff patterns, though advanced charting tools help overcome these challenges.",
How do modern algorithms incorporate Wyckoff’s strategies?,"Many algorithms integrate Wyckoff principles by using technical indicators based on price and volume patterns to detect accumulation, distribution, and other key events automatically.",
How is the concept of liquidity integrated into Wyckoff’s trading strategy?,"Liquidity is crucial, as sufficient volume is needed to validate price movements; Wyckoff’s method emphasizes monitoring volume to ensure that trades are executed in liquid markets.",
What does Wyckoff teach about market manipulation?,"Wyckoff taught that large institutional players often manipulate markets through strategic buying and selling, and understanding these tactics is key to avoiding traps set for uninformed traders.",
How can traders detect manipulation using the Wyckoff method?,"By closely analyzing price and volume patterns, especially during accumulation and distribution phases, traders can spot inconsistencies that may indicate manipulative practices.",
How does Wyckoff recommend interpreting false breakouts?,"False breakouts are identified when prices briefly move beyond support or resistance without accompanying volume confirmation, indicating that the move is unlikely to be sustained.",
What is the significance of chart patterns in the Wyckoff method?,"Chart patterns visually represent the phases of accumulation, distribution, and trend transitions, allowing traders to anticipate future market moves based on historical behavior.",
How do support and resistance levels factor into Wyckoff’s analysis?,"Support and resistance levels define the boundaries of trading ranges and signal potential reversals, as institutional players often act decisively when these levels are tested.",
What is a 'trading range' according to Wyckoff?,"A trading range is a period during which price oscillates between defined support and resistance levels, reflecting a temporary balance between buying and selling forces.",
How does the trading range reflect the balance of supply and demand?,"Within a trading range, neither buyers nor sellers dominate, creating a stable environment where accumulation or distribution can occur before a breakout.",
How can a trader use the concept of the trading range to improve entries and exits?,"By identifying the upper and lower boundaries of a trading range, traders can plan entries near support and exits near resistance, optimizing risk-reward ratios.",
What are the common patterns observed during the accumulation phase?,"Common patterns include a Selling Climax, Automatic Rally, Secondary Tests, and Springs, all of which indicate that institutional buyers are quietly building positions.",
What are the common patterns observed during the distribution phase?,"In the distribution phase, patterns such as Buying Climaxes, Upthrusts, and Last Points of Supply are observed, signaling that institutions are unloading shares.",
How does Wyckoff suggest confirming the end of an accumulation phase?,"Confirmation is achieved through a combination of a Secondary Test or Spring and the emergence of a Sign of Strength, indicating that buying pressure is taking over.",
What technical signals indicate a transition from distribution to markdown?,Signals such as an Upthrust or a Buying Climax—especially when accompanied by declining volume—indicate that the distribution phase is complete and a markdown is imminent.,
How do volume and price trends provide early warnings of market reversals?,"When volume increases without corresponding price advances or vice versa, it may signal that the current trend is losing momentum and a reversal could be near.",
What role does comparative strength analysis play in the Wyckoff method?,"Comparative strength analysis helps traders identify which stocks are likely to outperform or underperform the broader market, aiding in stock selection.",
How can traders use relative strength to select stocks?,"By comparing a stock’s performance to that of a market index, traders can identify stocks that exhibit strong uptrends or weak downtrends, in line with overall market behavior.",
How is the concept of 'readiness assessment' applied in Wyckoff's strategy?,Readiness assessment involves determining if a stock has built a sufficient 'cause' during accumulation or distribution to justify a significant subsequent move.,
What factors are considered in a trader's readiness assessment?,"Factors include the size of the trading range, volume patterns, the presence of key Wyckoff events, and the overall market trend.",
How do technical indicators and market context work together in the Wyckoff method?,"Technical indicators provide objective data on price and volume, while market context—such as economic news and overall sentiment—helps interpret these signals for better decision-making.",
What is the significance of historical chart patterns in Wyckoff’s analysis?,"Historical chart patterns offer insights into recurring market behaviors, enabling traders to recognize similar setups in current markets and predict future movements.",
How did Wyckoff’s personal experiences shape his trading methodology?,"His early experiences as a stock runner and broker exposed him to market manipulation and institutional trading tactics, which he then codified into a systematic approach.",
How does the Wyckoff method emphasize learning from past market cycles?,"The method encourages studying historical charts to identify repeating patterns, enabling traders to apply lessons from previous cycles to current market conditions.",
What educational resources did Wyckoff leave for future traders?,"Wyckoff’s legacy includes influential books, articles, and a structured trading course that continues to educate traders on his methodology.",
How can traders apply the lessons from Wyckoff’s historical charts to current markets?,"By comparing current price and volume patterns with historical examples, traders can validate their technical setups and adjust their strategies accordingly.",
What is the importance of continuous learning in the Wyckoff method?,"Continuous learning is essential because markets evolve, and staying informed through historical analysis and new data helps traders maintain an edge.",
How does the Wyckoff method encourage traders to study market behavior?,"It promotes detailed observation of price and volume dynamics, encouraging traders to develop their own interpretations based on a deep understanding of market forces.",
How can traders use the Wyckoff method to adapt to changing market conditions?,"The flexible framework of the Wyckoff method allows traders to adjust their strategies based on evolving phases, ensuring that they remain aligned with institutional activity and market trends.",
How does Wyckoff's strategy integrate both technical analysis and market psychology?,"It combines objective technical analysis—through price, volume, and chart patterns—with insights into market sentiment and trader behavior, resulting in a holistic approach to trading.",
What is the key takeaway from the Wyckoff method regarding trade timing?,"The key takeaway is that successful trade timing relies on waiting for clear, confirmed signals—such as a Spring followed by a Sign of Strength—before entering or exiting positions.",
How does the Wyckoff method serve as a comprehensive guide for both new and experienced traders?,"It provides a complete framework that encompasses market cycles, technical analysis, risk management, and trading psychology, making it a valuable tool for traders at any level.",